AbCoaster,AbCoaster
Adams,Adams
Adidas,Adidas
Adidas_Golf,Adidas Golf
AKWA,AKWA
alo,alo
Aloe_Up,Aloe Up
Alternative_Apparel,Alternative Apparel
American_Apparel,American Apparel
Anvil,Anvil
ASH_CITY,ASH CITY
Ashworth,Ashworth
Augusta,Augusta
Authentic_Headwear,Authentic Headwear
Badger,Badger
Bayside,Bayside
Bella,Bella
Bic,Bic
Blue_84,Blue 84
Bobble,Bobble
Boxercraft,Boxercraft
Bridgestone,Bridgestone
Brooks_Brothers,Brooks Brothers
Brookstone,Brookstone
Buck_Knives,Buck Knives
Built_NY,Built NY
Burks_Bay,Burk's Bay
Burnside,Burnside
Calvin_Klein,Calvin Klein
CamelBak,CamelBak
Canvas,Canvas
Carhartt,Carhartt
Carmel_Towel_Company,Carmel Towel Company
Case_Logic,Case Logic
Champion,Champion
Champion_Headwear,Champion Headwear
Chef_Designs,Chef Designs
Clique,Clique
Colorado_Trading,Colorado Trading
Contigo,Contigo
Continental,Continental
Core_365,Core 365
Cornerstone,Cornerstone
Cross,Cross
Cutter__Buck,Cutter &amp; Buck
Destinations,Destinations
Devon__Jones,Devon &amp; Jones
Devon__Jones,Devon &amp; Jones
Diane_Katzman,Diane Katzman
Dickies,Dickies
Digispec,Digispec
District,District
District_Made,District Made
District_Threads,District Threads
Dunbrooke,Dunbrooke
Dunbrooke_DNU,Dunbrooke DNU
Eddie_Bauer,Eddie Bauer
Edwards,Edwards
Elevate,Elevate
Extreme,Extreme
Featherlite_by_Sierra_Pacific,Featherlite by Sierra Pacific
Flexfit,Flexfit
Flexi-Freeze,Flexi-Freeze
Fossil,Fossil
French_Toast,French Toast
Fruit_of_the_Loom,Fruit of the Loom
Funkychunky,Funkychunky
Garrity,Garrity
Gildan,Gildan
GreenLayer,GreenLayer
Greg_Norman,Greg Norman
h2go,h2go
Hanes,Hanes
High_Sierra,High Sierra
Hyp,Hyp
IDAPT,IDAPT
Igloo,Igloo
iHome,iHome
IL_Migliore,IL Migliore
Independent_Trading_Co,Independent Trading Co.
Izod,Izod
J_America,J America
JBL,JBL
Jerzees,Jerzees
Kati,Kati
Kenneth_Cole,Kenneth Cole
LAT_Sportswear,L.A.T. Sportswear
Lacoste,Lacoste
Laguiole,Laguiole
LARLU,LARLU
Leatherman,Leatherman
LED_Lenser,LED Lenser
Legend,Legend
Magic_Headwear,Magic Headwear
Mag-Lite,Mag-Lite
Maxfli,Maxfli
ML_Kishigo_,ML Kishigo
Mrs_Fields,Mrs. Fields
MV_Sport,MV Sport
New_Balance,New Balance
New_Era,New Era
Next_Level_Apparel,Next Level Apparel
Nike_Athletic,Nike Athletic
Nike_Golf,Nike Golf
NorthEnd_Sport,NorthEnd Sport
Oakley,Oakley
Ogio,Ogio
Original_Chuck,Original Chuck
Outdoor_Cap,Outdoor Cap
OXO,OXO
Pacific_Bicycles,Pacific Bicycles
Page__Tuttle,Page &amp; Tuttle
PaperMate,PaperMate
Parker,Parker
Peter_Grimm,Peter Grimm
Picnic_Time,Picnic Time
Port__Company,Port &amp; Company
Post-it,Post-it
Precious_Cargo,Precious Cargo
Proctor_Silex,Proctor Silex
Puma,Puma
Pyrex,Pyrex
Rabbit_Skins_,Rabbit Skins
Rawlings,Rawlings
Red_House,Red House
Red_Kap,Red Kap
Reebok,Reebok
Reebok_headwear,Reebok (headwear)
Rivers_End,Rivers End
Russell,Russell
Safety_1st,Safety 1st
Samsung,Samsung
Satchels_NY,Satchels NY
Scotch,Scotch
Sharpie,Sharpie
Shedrain,Shedrain
Sierra_Pacific,Sierra Pacific
Slazenger,Slazenger
Sportsman,Sportsman
Sport-Tek,Sport-Tek
Staples_Collection,Staples Collection
Storm_Creek,Storm Creek
Stormtech,Stormtech
Swiss_Army,Swiss Army
Taylor_Made,Taylor Made
Team_365,Team 365
Tie-Dyed,Tie-Dyed
Titleist,Titleist
Totes,Totes
TriMountain,TriMountain
ValuCap,ValuCap
Van_Heusen,Van Heusen
Vantage,Vantage
VP_Brand,VP Brand
Weatherproof,Weatherproof
Wenger,Wenger
Xoopar,Xoopar
Yupoong,Yupoong
Zebra,Zebra
Zebra_Pen,Zebra Pen
Zippo,Zippo
zkapz,zkapz
